{
  "confirmatory_gate": false,
  "expected_proxy_ic_from_correlation_product": 0.0018176669092437824,
  "firms": 2335,
  "forward_return_standard_deviation": 0.25304422724409503,
  "frozen_p0_p10_outputs_modified": false,
  "generated_at_utc": "2026-07-23T12:32:12.157472+00:00",
  "injected_alpha_standard_deviation": 0.003108648152901808,
  "interpretation": "ORACLE_NOT_DETECTABLE",
  "observable_return_pearson": -0.01090016575338012,
  "observable_return_spearman": -0.018724656410712394,
  "observable_standard_deviation": 0.1254473525895555,
  "observable_to_injected_alpha_linear_r_squared": 0.04631215509315634,
  "observable_truth_signal_pearson": 0.2152025908142285,
  "observable_truth_signal_spearman": 0.20439343433213916,
  "oracle_clustered_ci95_lower": -0.359862129016407,
  "oracle_clustered_ci95_upper": 1.6522855778913694,
  "oracle_clustered_p_value": 0.20795462115991584,
  "oracle_clustered_standard_error": 0.5130462277246673,
  "oracle_clustered_t_stat": 1.259558475467982,
  "oracle_detectable_at_5pct": false,
  "oracle_ols_p_value": 0.2166005942143225,
  "oracle_ols_r_squared": 6.302312564310242e-05,
  "oracle_ols_slope": 0.6462117244374812,
  "oracle_ols_standard_error": 0.5229730214820947,
  "oracle_ols_t_stat": 1.2356502111832282,
  "oracle_return_pearson": 0.007938710578124654,
  "oracle_return_spearman": 0.008892980908036778,
  "phase": "P11E",
  "primary_horizon_months": 6,
  "real_data_run": false,
  "rows": 24227,
  "schema_version": 1,
  "status": "DESCRIPTIVE_EXPLORATORY",
  "truth_signal_standard_deviation": 0.1809148545124757,
  "version": "hypercube-alpha-power-diagnostic-v1"
}
