scenario,p7_primary_ic,p7_primary_coefficient,p7_primary_p_value,p7_primary_holm_p_value,p8_annualized_gross_capacity_return,p8_annualized_net_return,p8_annualized_net_sharpe,p8_net_maximum_drawdown,p8_average_turnover,p8_average_capacity_fill_ratio,p9_noise_or_unassigned_rate,p9_mean_stability_ari
null_alpha,-0.00838561490267066,0.0011107587606861,0.7607439425611933,1.0,0.0072837197499013,-0.0627164782268221,-1.0962972526625354,-0.5701315829862146,0.4144821763405166,0.6079461049109793,0.9467632382637139,-0.0015814913007736499
migration_alpha,-0.018724656410712394,0.0046578510721909,0.2885204068795841,1.0,0.0122120605959112,-0.0661135794174058,-1.227384084620736,-0.5646940603541967,0.4585810762187796,0.6746843518050281,0.9805269770126651,0.00272455886087005
regime_shift,0.036805456722076794,0.0014787885922271,0.7565014832241227,1.0,0.003233915710379,-0.0700164322999891,-1.1459428356988033,-0.5799510732524344,0.430684649914648,0.6341043467145023,0.9544150735988732,
