decade,anchored_demand_strength_pricing_power,anchored_competitive_defensibility,anchored_innovation_intensity,anchored_go_to_market_efficiency,anchored_unit_economics_profit_quality,anchored_scalability_capital_efficiency
1970,-0.14412494350508276,-0.8014258531418271,0.2039475839411493,-0.11185403070103397,-0.0919805924249779,-0.055348293645279975
1980,-0.07017500980042579,-0.8351710526327575,0.12526185348965607,0.05193895848187111,0.009260151921086804,-0.009936673155926157
1990,-0.023211106147909978,-0.8296734544971662,0.09239547555887967,0.06845237913144799,0.01993239784621895,-0.036195223157559464
2000,-0.01994389780174817,-0.7407911451982073,0.10842497240398188,0.0714914450423598,0.07602162955551311,0.023483999961674065
2010,-0.02071775993953334,-0.6508859457579586,0.08553623266779134,0.0905897037883579,0.07782796519247928,0.04898090681358091
2020,-0.038328776396324094,-0.7007957409393624,0.038397213730348434,0.05532660468316867,0.0436249070490253,0.0030250716974481204
