axis,anchored_demand_strength_pricing_power,anchored_competitive_defensibility,anchored_innovation_intensity,anchored_go_to_market_efficiency,anchored_unit_economics_profit_quality,anchored_scalability_capital_efficiency
anchored_demand_strength_pricing_power,1.0,-0.025193832069913588,0.08333119508875099,0.4657413894057054,0.5352507102568738,0.3356483285062721
anchored_competitive_defensibility,-0.025193832069913588,1.0,-0.004734786668700479,-0.026242821420378544,-0.0038820962869713727,0.005796019226546847
anchored_innovation_intensity,0.08333119508875099,-0.004734786668700479,1.0,0.06517541153922271,0.18636594285128158,0.11211321596091756
anchored_go_to_market_efficiency,0.4657413894057054,-0.026242821420378544,0.06517541153922271,1.0,0.6388254536900727,0.4725566676080702
anchored_unit_economics_profit_quality,0.5352507102568738,-0.0038820962869713727,0.18636594285128158,0.6388254536900727,1.0,0.5624894982472983
anchored_scalability_capital_efficiency,0.3356483285062721,0.005796019226546847,0.11211321596091756,0.4725566676080702,0.5624894982472983,1.0
